{"count":1,"self":12.5862296,"total":63.129930599999994,"children":{"InitializeActuators":{"count":16,"self":0.0100804,"total":0.0100804,"children":null},"InitializeSensors":{"count":16,"self":0.0080606,"total":0.0080606,"children":null},"AgentSendState":{"count":3917,"self":0.11554489999999999,"total":0.49791789999999997,"children":{"CollectObservations":{"count":12544,"self":0.039317899999999996,"total":0.039317899999999996,"children":null},"WriteActionMask":{"count":12544,"self":0.028840099999999997,"total":0.028840099999999997,"children":null},"RequestDecision":{"count":12544,"self":0.1277776,"total":0.31421499999999997,"children":{"AgentInfo.ToProto":{"count":12544,"self":0.068479299999999993,"total":0.1864374,"children":{"GenerateSensorData":{"count":12544,"self":0.1179581,"total":0.1179581,"children":null}}}}}}},"DecideAction":{"count":3917,"self":24.950539199999998,"total":24.950538899999998,"children":null},"AgentAct":{"count":3917,"self":25.060497599999998,"total":25.0604972,"children":null},"AgentInfo.ToProto":{"count":395,"self":0.008077599999999999,"total":0.0125937,"children":{"GenerateSensorData":{"count":395,"self":0.0045160999999999995,"total":0.0045160999999999995,"children":null}}}},"gauges":{"MoveToGoal.CumulativeReward":{"count":395,"max":1,"min":-2,"runningAverage":-0.4860759,"value":1,"weightedAverage":0.613021553}},"metadata":{"timer_format_version":"0.1.0","start_time_seconds":"1725999959","unity_version":"2022.3.38f1","command_line_arguments":"C:\\Program Files\\Unity\\Hub\\Editor\\2022.3.38f1\\Editor\\Unity.exe -projectpath C:\\Users\\49157\\Documents\\GitHub\\Unity-AI-tests\\AITests -useHub -hubIPC -cloudEnvironment production -licensingIpc LicenseClient-49157 -hubSessionId 120aab49-95d5-4891-a781-74785a171ba8 -accessToken tQJ0eOgNXaIGSiztpt8uTuCJ8W8Yv0bNeMm1gSYwHFQ008f","communication_protocol_version":"1.5.0","com.unity.ml-agents_version":"2.0.1","scene_name":"SampleScene","end_time_seconds":"1726000022"}}